Country,ISO3,Region,Year,CPI_score,Sources,Standard_error
New Zealand,NZL,AP,2019,87,8,2.29
Denmark,DNK,WE/EU,2019,87,8,2.54
Finland,FIN,WE/EU,2019,86,8,2.92
Switzerland,CHE,WE/EU,2019,85,7,1.58
Singapore,SGP,AP,2019,85,9,2.05
Sweden,SWE,WE/EU,2019,85,8,1.98
Norway,NOR,WE/EU,2019,84,7,1.65
Netherlands,NLD,WE/EU,2019,82,8,2.25
Luxembourg,LUX,WE/EU,2019,80,7,1.95
Germany,DEU,WE/EU,2019,80,8,3.31
Iceland,ISL,WE/EU,2019,78,7,4.63
Canada,CAN,AME,2019,77,8,2.8
United Kingdom,GBR,WE/EU,2019,77,8,3.34
Australia,AUS,AP,2019,77,9,1.32
Austria,AUT,WE/EU,2019,77,8,1.57
Hong Kong,HKG,AP,2019,76,8,3.15
Belgium,BEL,WE/EU,2019,75,7,1.09
Ireland,IRL,WE/EU,2019,74,7,3.61
Estonia,EST,WE/EU,2019,74,10,1.21
Japan,JPN,AP,2019,73,9,3.51
United Arab Emirates,ARE,MENA,2019,71,8,5.13
Uruguay,URY,AME,2019,71,7,2.47
United States of America,USA,AME,2019,69,9,4.12
France,FRA,WE/EU,2019,69,8,2.28
Bhutan,BTN,AP,2019,68,4,2.76
Chile,CHL,AME,2019,67,9,2.55
Seychelles,SYC,SSA,2019,66,4,3.4
Taiwan,TWN,AP,2019,65,8,3.03
Bahamas,BHS,AME,2019,64,3,5.83
Barbados,BRB,AME,2019,62,4,6.06
Portugal,PRT,WE/EU,2019,62,8,2.82
Qatar,QAT,MENA,2019,62,7,8
Spain,ESP,WE/EU,2019,62,8,3.17
Botswana,BWA,SSA,2019,61,7,3.73
Brunei Darussalam,BRN,AP,2019,60,3,6.12
Israel,ISR,MENA,2019,60,7,1.99
Slovenia,SVN,WE/EU,2019,60,10,2.28
Lithuania,LTU,WE/EU,2019,60,9,2.32
Saint Vincent and the Grenadines,VCT,AME,2019,59,3,4.14
"Korea, South",KOR,AP,2019,59,10,2.44
Poland,POL,WE/EU,2019,58,10,1.85
Cyprus,CYP,WE/EU,2019,58,7,3.41
Cabo Verde,CPV,SSA,2019,58,4,4.3
Costa Rica,CRI,AME,2019,56,7,3.97
Latvia,LVA,WE/EU,2019,56,9,3.53
Czech Republic,CZE,WE/EU,2019,56,10,1.87
Georgia,GEO,ECA,2019,56,5,3.84
Dominica,DMA,AME,2019,55,3,2.16
Saint Lucia,LCA,AME,2019,55,3,4.15
Malta,MLT,WE/EU,2019,54,6,1.55
Rwanda,RWA,SSA,2019,53,7,4.75
Grenada,GRD,AME,2019,53,3,4.37
Italy,ITA,WE/EU,2019,53,8,3.22
Saudi Arabia,SAU,MENA,2019,53,7,7.56
Malaysia,MYS,AP,2019,53,9,2.29
Namibia,NAM,SSA,2019,52,7,3.13
Mauritius,MUS,SSA,2019,52,6,3.12
Oman,OMN,MENA,2019,52,6,9.78
Slovakia,SVK,WE/EU,2019,50,9,4.57
Jordan,JOR,MENA,2019,48,8,3.29
Greece,GRC,WE/EU,2019,48,8,2.57
Cuba,CUB,AME,2019,48,5,1.87
Croatia,HRV,WE/EU,2019,47,10,2.42
Sao Tome and Principe,STP,SSA,2019,46,4,5.36
Vanuatu,VUT,AP,2019,46,3,6.38
Montenegro,MNE,ECA,2019,45,5,4.84
Senegal,SEN,SSA,2019,45,9,2.06
Belarus,BLR,ECA,2019,45,7,4.2
Argentina,ARG,AME,2019,45,8,3.29
Romania,ROU,WE/EU,2019,44,10,2.76
Hungary,HUN,WE/EU,2019,44,10,2.58
South Africa,ZAF,SSA,2019,44,8,3.44
Suriname,SUR,AME,2019,44,4,4.76
Jamaica,JAM,AME,2019,43,7,3.58
Bulgaria,BGR,WE/EU,2019,43,10,2.77
Tunisia,TUN,MENA,2019,43,7,3.94
Solomon Islands,SLB,AP,2019,42,3,8.69
Bahrain,BHR,MENA,2019,42,6,7.65
Armenia,ARM,ECA,2019,42,6,4.31
China,CHN,AP,2019,41,8,2.1
Morocco,MAR,MENA,2019,41,7,3.15
Ghana,GHA,SSA,2019,41,9,2.76
India,IND,AP,2019,41,9,1.6
Benin,BEN,SSA,2019,41,7,2.64
Burkina Faso,BFA,SSA,2019,40,8,2.54
Lesotho,LSO,SSA,2019,40,6,3.95
Trinidad and Tobago,TTO,AME,2019,40,7,5.38
Kuwait,KWT,MENA,2019,40,6,1.88
Guyana,GUY,AME,2019,40,5,3.34
Indonesia,IDN,AP,2019,40,9,3.76
Serbia,SRB,ECA,2019,39,8,2.48
Turkey,TUR,ECA,2019,39,9,3.34
Sri Lanka,LKA,AP,2019,38,7,2.11
Timor-Leste,TLS,AP,2019,38,4,4.5
Ecuador,ECU,AME,2019,38,7,2.19
Colombia,COL,AME,2019,37,8,2.49
Tanzania,TZA,SSA,2019,37,9,1.92
Ethiopia,ETH,SSA,2019,37,9,1.52
Vietnam,VNM,AP,2019,37,8,2.84
Gambia,GMB,SSA,2019,37,7,5.98
Kosovo,KSV,ECA,2019,36,5,0.81
Bosnia and Herzegovina,BIH,ECA,2019,36,7,1.95
Panama,PAN,AME,2019,36,7,1.37
Thailand,THA,AP,2019,36,9,2.45
Peru,PER,AME,2019,36,8,3.07
Albania,ALB,ECA,2019,35,8,2.51
Brazil,BRA,AME,2019,35,8,4.06
Mongolia,MNG,AP,2019,35,9,1.89
Cote d'Ivoire,CIV,SSA,2019,35,9,2.49
North Macedonia,MKD,ECA,2019,35,7,3.56
Algeria,DZA,MENA,2019,35,7,2.59
Egypt,EGY,MENA,2019,35,7,4.86
Eswatini,SWZ,SSA,2019,34,4,6.08
Zambia,ZMB,SSA,2019,34,9,1.97
Philippines,PHL,AP,2019,34,9,1.59
El Salvador,SLV,AME,2019,34,7,2.56
Kazakhstan,KAZ,ECA,2019,34,9,4.18
Nepal,NPL,AP,2019,34,6,1.76
Sierra Leone,SLE,SSA,2019,33,8,3.47
Niger,NER,SSA,2019,32,7,1.72
Pakistan,PAK,AP,2019,32,8,2.46
Moldova,MDA,ECA,2019,32,9,2.4
Bolivia,BOL,AME,2019,31,7,3
Gabon,GAB,SSA,2019,31,6,2.41
Malawi,MWI,SSA,2019,31,9,1.78
Djibouti,DJI,SSA,2019,30,5,4.28
Azerbaijan,AZE,ECA,2019,30,7,7.16
Ukraine,UKR,ECA,2019,30,9,2.38
Kyrgyzstan,KGZ,ECA,2019,30,7,2.54
Maldives,MDV,AP,2019,29,3,2.57
Togo,TGO,SSA,2019,29,7,2.4
Mali,MLI,SSA,2019,29,8,2.62
Myanmar,MMR,AP,2019,29,7,4.21
Laos,LAO,AP,2019,29,5,5
Mexico,MEX,AME,2019,29,9,1.73
Guinea,GIN,SSA,2019,29,8,2.5
Liberia,LBR,SSA,2019,28,7,2.67
Dominican Republic,DOM,AME,2019,28,7,2.7
Paraguay,PRY,AME,2019,28,6,2.84
Papua New Guinea,PNG,AP,2019,28,6,2.38
Russia,RUS,ECA,2019,28,9,2.48
Lebanon,LBN,MENA,2019,28,7,2.27
Kenya,KEN,SSA,2019,28,9,2.17
Mauritania,MRT,SSA,2019,28,6,2.73
Uganda,UGA,SSA,2019,28,9,2.04
Iran,IRN,MENA,2019,26,7,3.63
Honduras,HND,AME,2019,26,7,3.25
Guatemala,GTM,AME,2019,26,7,2.23
Bangladesh,BGD,AP,2019,26,8,2.62
Nigeria,NGA,SSA,2019,26,8,1.87
Mozambique,MOZ,SSA,2019,26,9,2.98
Angola,AGO,SSA,2019,26,7,1.82
Comoros,COM,SSA,2019,25,4,8.9
Cameroon,CMR,SSA,2019,25,9,2.42
Central African Republic,CAF,SSA,2019,25,5,1.43
Uzbekistan,UZB,ECA,2019,25,7,2.01
Tajikistan,TJK,ECA,2019,25,6,6.66
Madagascar,MDG,SSA,2019,24,8,2.48
Zimbabwe,ZWE,SSA,2019,24,9,2.31
Eritrea,ERI,SSA,2019,23,5,6.66
Nicaragua,NIC,AME,2019,22,7,1.16
Cambodia,KHM,AP,2019,20,8,3.41
Chad,TCD,SSA,2019,20,6,2.45
Iraq,IRQ,MENA,2019,20,5,2.98
Burundi,BDI,SSA,2019,19,6,4.89
Congo,COG,SSA,2019,19,6,1.03
Turkmenistan,TKM,ECA,2019,19,5,1.42
Haiti,HTI,AME,2019,18,6,3.23
Democratic Republic of the Congo,COD,SSA,2019,18,9,1.43
Libya,LBY,MENA,2019,18,5,2.24
Guinea Bissau,GNB,SSA,2019,18,6,2.91
"Korea, North",PRK,AP,2019,17,4,3.16
Venezuela,VEN,AME,2019,16,8,2.05
Equatorial Guinea,GNQ,SSA,2019,16,4,3
Sudan,SDN,SSA,2019,16,7,2.74
Afghanistan,AFG,AP,2019,16,5,2.55
Yemen,YEM,MENA,2019,15,7,1.89
Syria,SYR,MENA,2019,13,5,1.92
South Sudan,SSD,SSA,2019,12,5,1.26
Somalia,SOM,SSA,2019,9,5,1.74
New Zealand,NZL,AP,2018,87,8,2.44
Denmark,DNK,WE/EU,2018,88,8,2.63
Finland,FIN,WE/EU,2018,85,8,2.74
Switzerland,CHE,WE/EU,2018,85,7,1.57
Singapore,SGP,AP,2018,85,9,1.98
Sweden,SWE,WE/EU,2018,85,8,2.02
Norway,NOR,WE/EU,2018,84,8,2.14
Netherlands,NLD,WE/EU,2018,82,8,2.3
Luxembourg,LUX,WE/EU,2018,81,7,2.32
Germany,DEU,WE/EU,2018,80,8,2.49
Iceland,ISL,WE/EU,2018,76,7,4.33
Canada,CAN,AME,2018,81,8,2.16
United Kingdom,GBR,WE/EU,2018,80,8,2.03
Australia,AUS,AP,2018,77,9,1.27
Austria,AUT,WE/EU,2018,76,8,1.37
Hong Kong,HKG,AP,2018,76,8,2.47
Belgium,BEL,WE/EU,2018,75,8,1.09
Ireland,IRL,WE/EU,2018,73,7,3.25
Estonia,EST,WE/EU,2018,73,10,1.44
Japan,JPN,AP,2018,73,9,2.85
United Arab Emirates,ARE,MENA,2018,70,8,4.56
Uruguay,URY,AME,2018,70,7,2.73
United States of America,USA,AME,2018,71,9,3.25
France,FRA,WE/EU,2018,72,8,1.17
Bhutan,BTN,AP,2018,68,4,2.86
Chile,CHL,AME,2018,67,9,1.88
Seychelles,SYC,SSA,2018,66,4,3.08
Taiwan,TWN,AP,2018,63,8,3.06
Bahamas,BHS,AME,2018,65,3,5.39
Barbados,BRB,AME,2018,68,3,3.12
Portugal,PRT,WE/EU,2018,64,8,2.14
Qatar,QAT,MENA,2018,62,7,8.08
Spain,ESP,WE/EU,2018,58,8,4.33
Botswana,BWA,SSA,2018,61,7,2.76
Brunei Darussalam,BRN,AP,2018,63,3,6.62
Israel,ISR,MENA,2018,61,7,1.49
Slovenia,SVN,WE/EU,2018,60,10,2.37
Lithuania,LTU,WE/EU,2018,59,9,2.3
Saint Vincent and the Grenadines,VCT,AME,2018,58,3,3.39
"Korea, South",KOR,AP,2018,57,10,2.74
Poland,POL,WE/EU,2018,60,10,1.69
Cyprus,CYP,WE/EU,2018,59,7,3.54
Cabo Verde,CPV,SSA,2018,57,4,4.22
Costa Rica,CRI,AME,2018,56,7,3.65
Latvia,LVA,WE/EU,2018,58,9,2.95
Czech Republic,CZE,WE/EU,2018,59,10,2.28
Georgia,GEO,ECA,2018,58,6,3.92
Dominica,DMA,AME,2018,57,3,2.55
Saint Lucia,LCA,AME,2018,55,3,4.27
Malta,MLT,WE/EU,2018,54,5,1.39
Rwanda,RWA,SSA,2018,56,6,6.07
Grenada,GRD,AME,2018,52,3,3
Italy,ITA,WE/EU,2018,52,8,3.29
Saudi Arabia,SAU,MENA,2018,49,7,6.34
Malaysia,MYS,AP,2018,47,9,2.86
Namibia,NAM,SSA,2018,53,6,3.72
Mauritius,MUS,SSA,2018,51,5,3.83
Oman,OMN,MENA,2018,52,6,9.46
Slovakia,SVK,WE/EU,2018,50,9,4.11
Jordan,JOR,MENA,2018,49,8,3.21
Greece,GRC,WE/EU,2018,45,8,2.51
Cuba,CUB,AME,2018,47,5,2.56
Croatia,HRV,WE/EU,2018,48,10,2.77
Sao Tome and Principe,STP,SSA,2018,46,4,5.05
Vanuatu,VUT,AP,2018,46,3,5.97
Montenegro,MNE,ECA,2018,45,5,4.43
Senegal,SEN,SSA,2018,45,9,2.51
Belarus,BLR,ECA,2018,44,7,3.92
Argentina,ARG,AME,2018,40,8,2.7
Romania,ROU,WE/EU,2018,47,10,3.25
Hungary,HUN,WE/EU,2018,46,10,2.79
South Africa,ZAF,SSA,2018,43,8,3.8
Suriname,SUR,AME,2018,43,4,3.22
Jamaica,JAM,AME,2018,44,7,3.37
Bulgaria,BGR,WE/EU,2018,42,10,2.41
Tunisia,TUN,MENA,2018,43,7,3.86
Solomon Islands,SLB,AP,2018,44,3,7.38
Bahrain,BHR,MENA,2018,36,4,1.81
Armenia,ARM,ECA,2018,35,6,4
China,CHN,AP,2018,39,8,2.02
Morocco,MAR,MENA,2018,43,7,3.68
Ghana,GHA,SSA,2018,41,9,2.54
India,IND,AP,2018,41,9,2.42
Benin,BEN,SSA,2018,40,6,3.14
Burkina Faso,BFA,SSA,2018,41,8,1.81
Lesotho,LSO,SSA,2018,41,6,3.67
Trinidad and Tobago,TTO,AME,2018,41,6,5.8
Kuwait,KWT,MENA,2018,41,6,3.47
Guyana,GUY,AME,2018,37,5,0.77
Indonesia,IDN,AP,2018,38,9,3.35
Serbia,SRB,ECA,2018,39,8,2.89
Turkey,TUR,ECA,2018,41,9,3.03
Sri Lanka,LKA,AP,2018,38,7,1.85
Timor-Leste,TLS,AP,2018,35,3,4.81
Ecuador,ECU,AME,2018,34,7,3.46
Colombia,COL,AME,2018,36,8,2.51
Tanzania,TZA,SSA,2018,36,9,1.83
Ethiopia,ETH,SSA,2018,34,8,1.52
Vietnam,VNM,AP,2018,33,8,2.84
Gambia,GMB,SSA,2018,37,6,9.44
Kosovo,KSV,ECA,2018,37,5,1.49
Bosnia and Herzegovina,BIH,ECA,2018,38,7,1.86
Panama,PAN,AME,2018,37,7,1.76
Thailand,THA,AP,2018,36,9,2.08
Peru,PER,AME,2018,35,8,3.1
Albania,ALB,ECA,2018,36,8,1.65
Brazil,BRA,AME,2018,35,8,4.05
Mongolia,MNG,AP,2018,37,9,1.94
Cote d'Ivoire,CIV,SSA,2018,35,9,2.05
North Macedonia,MKD,ECA,2018,37,7,3.38
Algeria,DZA,MENA,2018,35,6,1.21
Egypt,EGY,MENA,2018,35,7,4.59
Eswatini,SWZ,SSA,2018,38,3,4.48
Zambia,ZMB,SSA,2018,35,9,1.93
Philippines,PHL,AP,2018,36,9,1.55
El Salvador,SLV,AME,2018,35,7,2.59
Kazakhstan,KAZ,ECA,2018,31,9,3.6
Nepal,NPL,AP,2018,31,6,1.85
Sierra Leone,SLE,SSA,2018,30,9,2.17
Niger,NER,SSA,2018,34,6,2.98
Pakistan,PAK,AP,2018,33,8,2.06
Moldova,MDA,ECA,2018,33,9,2.13
Bolivia,BOL,AME,2018,29,7,3.6
Gabon,GAB,SSA,2018,31,4,3.92
Malawi,MWI,SSA,2018,32,9,2.61
Djibouti,DJI,SSA,2018,31,4,5.38
Azerbaijan,AZE,ECA,2018,25,6,4.09
Ukraine,UKR,ECA,2018,32,9,2.27
Kyrgyzstan,KGZ,ECA,2018,29,7,2.37
Maldives,MDV,AP,2018,31,3,2.24
Togo,TGO,SSA,2018,30,6,2.35
Mali,MLI,SSA,2018,32,7,1.38
Myanmar,MMR,AP,2018,29,7,3.94
Laos,LAO,AP,2018,29,5,5.7
Mexico,MEX,AME,2018,28,9,1.83
Guinea,GIN,SSA,2018,28,6,2.67
Liberia,LBR,SSA,2018,32,8,3.31
Dominican Republic,DOM,AME,2018,30,7,2.57
Paraguay,PRY,AME,2018,29,6,3.05
Papua New Guinea,PNG,AP,2018,28,6,2.47
Russia,RUS,ECA,2018,28,9,2.51
Lebanon,LBN,MENA,2018,28,7,2.28
Kenya,KEN,SSA,2018,27,9,1.82
Mauritania,MRT,SSA,2018,27,6,2.95
Uganda,UGA,SSA,2018,26,9,2.13
Iran,IRN,MENA,2018,28,7,2.89
Honduras,HND,AME,2018,29,8,2.42
Guatemala,GTM,AME,2018,27,7,2.56
Bangladesh,BGD,AP,2018,26,8,2.63
Nigeria,NGA,SSA,2018,27,9,2.03
Mozambique,MOZ,SSA,2018,23,8,2.64
Angola,AGO,SSA,2018,19,6,1.31
Comoros,COM,SSA,2018,27,4,9
Cameroon,CMR,SSA,2018,25,9,2.43
Central African Republic,CAF,SSA,2018,26,5,1.14
Uzbekistan,UZB,ECA,2018,23,7,1.93
Tajikistan,TJK,ECA,2018,25,6,5.73
Madagascar,MDG,SSA,2018,25,7,2.64
Zimbabwe,ZWE,SSA,2018,22,9,2.29
Eritrea,ERI,SSA,2018,24,5,8.24
Nicaragua,NIC,AME,2018,25,8,1.13
Cambodia,KHM,AP,2018,20,8,2.58
Chad,TCD,SSA,2018,19,6,2.94
Iraq,IRQ,MENA,2018,18,5,2.63
Burundi,BDI,SSA,2018,17,5,2.65
Congo,COG,SSA,2018,19,6,1.04
Turkmenistan,TKM,ECA,2018,20,5,1.22
Haiti,HTI,AME,2018,20,6,2.47
Democratic Republic of the Congo,COD,SSA,2018,20,8,2.13
Libya,LBY,MENA,2018,17,5,2.57
Guinea Bissau,GNB,SSA,2018,16,5,1.97
"Korea, North",PRK,AP,2018,14,4,1.39
Venezuela,VEN,AME,2018,18,8,2.13
Equatorial Guinea,GNQ,SSA,2018,16,3,2.82
Sudan,SDN,SSA,2018,16,7,2.51
Afghanistan,AFG,AP,2018,16,5,1.41
Yemen,YEM,MENA,2018,14,7,1.45
Syria,SYR,MENA,2018,13,5,1.92
South Sudan,SSD,SSA,2018,13,5,1.86
Somalia,SOM,SSA,2018,10,6,3.08
New Zealand,NZL,AP,2017,89,8,2.4
Denmark,DNK,WE/EU,2017,88,8,2.75
Finland,FIN,WE/EU,2017,85,8,2.84
Switzerland,CHE,WE/EU,2017,85,7,1.71
Singapore,SGP,AP,2017,84,9,2.26
Sweden,SWE,WE/EU,2017,84,8,2.27
Norway,NOR,WE/EU,2017,85,8,1.83
Netherlands,NLD,WE/EU,2017,82,8,2.23
Luxembourg,LUX,WE/EU,2017,82,6,2.08
Germany,DEU,WE/EU,2017,81,8,1.87
Iceland,ISL,WE/EU,2017,77,7,4.38
Canada,CAN,AME,2017,82,8,1.49
United Kingdom,GBR,WE/EU,2017,82,8,1.7
Australia,AUS,AP,2017,77,9,1.4
Austria,AUT,WE/EU,2017,75,8,1.17
Hong Kong,HKG,AP,2017,77,7,2.37
Belgium,BEL,WE/EU,2017,75,8,1.63
Ireland,IRL,WE/EU,2017,74,7,3.68
Estonia,EST,WE/EU,2017,71,10,2.21
Japan,JPN,AP,2017,73,9,2.66
United Arab Emirates,ARE,MENA,2017,71,7,6.26
Uruguay,URY,AME,2017,70,7,2.67
United States of America,USA,AME,2017,75,9,3.24
France,FRA,WE/EU,2017,70,8,1.36
Bhutan,BTN,AP,2017,67,5,1.83
Chile,CHL,AME,2017,67,9,2.03
Seychelles,SYC,SSA,2017,60,4,8.32
Taiwan,TWN,AP,2017,63,8,3.28
Bahamas,BHS,AME,2017,65,3,5.39
Barbados,BRB,AME,2017,68,3,3.24
Portugal,PRT,WE/EU,2017,63,8,2.56
Qatar,QAT,MENA,2017,63,7,7.5
Spain,ESP,WE/EU,2017,57,8,3.78
Botswana,BWA,SSA,2017,61,7,2.74
Brunei Darussalam,BRN,AP,2017,62,3,8.72
Israel,ISR,MENA,2017,62,7,2.19
Slovenia,SVN,WE/EU,2017,61,10,2.78
Lithuania,LTU,WE/EU,2017,59,9,2.21
Saint Vincent and the Grenadines,VCT,AME,2017,58,3,3.39
"Korea, South",KOR,AP,2017,54,10,2.24
Poland,POL,WE/EU,2017,60,10,1.36
Cyprus,CYP,WE/EU,2017,57,7,3.78
Cabo Verde,CPV,SSA,2017,55,4,4.19
Costa Rica,CRI,AME,2017,59,7,2.98
Latvia,LVA,WE/EU,2017,58,9,3.21
Czech Republic,CZE,WE/EU,2017,57,10,1.98
Georgia,GEO,ECA,2017,56,6,3.1
Dominica,DMA,AME,2017,57,3,2.55
Saint Lucia,LCA,AME,2017,55,3,4.27
Malta,MLT,WE/EU,2017,56,5,1.18
Rwanda,RWA,SSA,2017,55,6,6
Grenada,GRD,AME,2017,52,3,3
Italy,ITA,WE/EU,2017,50,8,3.72
Saudi Arabia,SAU,MENA,2017,49,7,6.14
Malaysia,MYS,AP,2017,47,9,2.67
Namibia,NAM,SSA,2017,51,6,3.22
Mauritius,MUS,SSA,2017,50,5,4.41
Oman,OMN,MENA,2017,44,5,7
Slovakia,SVK,WE/EU,2017,50,9,3.32
Jordan,JOR,MENA,2017,48,8,2.99
Greece,GRC,WE/EU,2017,48,8,2.98
Cuba,CUB,AME,2017,47,5,2.36
Croatia,HRV,WE/EU,2017,49,10,2.64
Sao Tome and Principe,STP,SSA,2017,46,4,5.21
Vanuatu,VUT,AP,2017,43,3,3.93
Montenegro,MNE,ECA,2017,46,5,2.45
Senegal,SEN,SSA,2017,45,9,2.52
Belarus,BLR,ECA,2017,44,7,4.12
Argentina,ARG,AME,2017,39,8,2.92
Romania,ROU,WE/EU,2017,48,10,3.12
Hungary,HUN,WE/EU,2017,45,10,2.89
South Africa,ZAF,SSA,2017,43,8,3.98
Suriname,SUR,AME,2017,41,4,4.08
Jamaica,JAM,AME,2017,44,7,3.96
Bulgaria,BGR,WE/EU,2017,43,10,2.66
Tunisia,TUN,MENA,2017,42,7,3.73
Solomon Islands,SLB,AP,2017,39,3,3.71
Bahrain,BHR,MENA,2017,36,4,1.81
Armenia,ARM,ECA,2017,35,6,3.79
China,CHN,AP,2017,41,9,1.96
Morocco,MAR,MENA,2017,40,7,2.6
Ghana,GHA,SSA,2017,40,9,2.56
India,IND,AP,2017,40,9,2.16
Benin,BEN,SSA,2017,39,6,4.17
Burkina Faso,BFA,SSA,2017,42,7,2.18
Lesotho,LSO,SSA,2017,42,6,4.08
Trinidad and Tobago,TTO,AME,2017,41,6,5.47
Kuwait,KWT,MENA,2017,39,6,2.47
Guyana,GUY,AME,2017,38,5,1.84
Indonesia,IDN,AP,2017,37,9,3.12
Serbia,SRB,ECA,2017,41,8,2.8
Turkey,TUR,ECA,2017,40,8,1.8
Sri Lanka,LKA,AP,2017,38,7,1.82
Timor-Leste,TLS,AP,2017,38,3,7.5
Ecuador,ECU,AME,2017,32,7,2.66
Colombia,COL,AME,2017,37,8,2.77
Tanzania,TZA,SSA,2017,36,9,1.55
Ethiopia,ETH,SSA,2017,35,9,1.36
Vietnam,VNM,AP,2017,35,8,2.78
Gambia,GMB,SSA,2017,30,6,6.22
Kosovo,KSV,ECA,2017,39,5,2.13
Bosnia and Herzegovina,BIH,ECA,2017,38,7,2.56
Panama,PAN,AME,2017,37,7,1.79
Thailand,THA,AP,2017,37,9,2.03
Peru,PER,AME,2017,37,8,3.35
Albania,ALB,ECA,2017,38,8,1.81
Brazil,BRA,AME,2017,37,8,4.24
Mongolia,MNG,AP,2017,36,9,1.4
Cote d'Ivoire,CIV,SSA,2017,36,8,2.03
North Macedonia,MKD,ECA,2017,35,6,4.49
Algeria,DZA,MENA,2017,33,6,2.32
Egypt,EGY,MENA,2017,32,7,4.04
Eswatini,SWZ,SSA,2017,39,3,5.81
Zambia,ZMB,SSA,2017,37,9,2.46
Philippines,PHL,AP,2017,34,9,1.9
El Salvador,SLV,AME,2017,33,7,3.25
Kazakhstan,KAZ,ECA,2017,31,9,3.59
Nepal,NPL,AP,2017,31,6,2
Sierra Leone,SLE,SSA,2017,30,9,1.95
Niger,NER,SSA,2017,33,6,3.27
Pakistan,PAK,AP,2017,32,8,2.11
Moldova,MDA,ECA,2017,31,9,1.54
Bolivia,BOL,AME,2017,33,6,2.98
Gabon,GAB,SSA,2017,32,4,3.22
Malawi,MWI,SSA,2017,31,9,1.85
Djibouti,DJI,SSA,2017,31,4,5.32
Azerbaijan,AZE,ECA,2017,31,7,5.64
Ukraine,UKR,ECA,2017,30,9,2.27
Kyrgyzstan,KGZ,ECA,2017,29,7,2.59
Maldives,MDV,AP,2017,33,3,1.71
Togo,TGO,SSA,2017,32,6,3.29
Mali,MLI,SSA,2017,31,7,2.08
Myanmar,MMR,AP,2017,30,7,3.91
Laos,LAO,AP,2017,29,5,5.89
Mexico,MEX,AME,2017,29,9,1.69
Guinea,GIN,SSA,2017,27,7,2.37
Liberia,LBR,SSA,2017,31,8,3.24
Dominican Republic,DOM,AME,2017,29,7,2.56
Paraguay,PRY,AME,2017,29,6,3.1
Papua New Guinea,PNG,AP,2017,29,6,2.55
Russia,RUS,ECA,2017,29,9,2.5
Lebanon,LBN,MENA,2017,28,7,2.11
Kenya,KEN,SSA,2017,28,9,1.94
Mauritania,MRT,SSA,2017,28,6,2.41
Uganda,UGA,SSA,2017,26,9,2.11
Iran,IRN,MENA,2017,30,7,3.51
Honduras,HND,AME,2017,29,8,2.32
Guatemala,GTM,AME,2017,28,7,2.19
Bangladesh,BGD,AP,2017,28,8,3.19
Nigeria,NGA,SSA,2017,27,9,1.97
Mozambique,MOZ,SSA,2017,25,8,2.87
Angola,AGO,SSA,2017,19,5,1.28
Comoros,COM,SSA,2017,27,4,8.87
Cameroon,CMR,SSA,2017,25,9,2.58
Central African Republic,CAF,SSA,2017,23,5,3.28
Uzbekistan,UZB,ECA,2017,22,7,2.11
Tajikistan,TJK,ECA,2017,21,5,2.36
Madagascar,MDG,SSA,2017,24,8,2.72
Zimbabwe,ZWE,SSA,2017,22,9,2.22
Eritrea,ERI,SSA,2017,20,5,5.74
Nicaragua,NIC,AME,2017,26,8,1.29
Cambodia,KHM,AP,2017,21,8,2.43
Chad,TCD,SSA,2017,20,6,2.73
Iraq,IRQ,MENA,2017,18,5,2.47
Burundi,BDI,SSA,2017,22,6,3.29
Congo,COG,SSA,2017,21,6,1.08
Turkmenistan,TKM,ECA,2017,19,5,1.78
Haiti,HTI,AME,2017,22,6,2.05
Democratic Republic of the Congo,COD,SSA,2017,21,8,1.96
Libya,LBY,MENA,2017,17,5,3.05
Guinea Bissau,GNB,SSA,2017,17,5,1.7
"Korea, North",PRK,AP,2017,17,4,4.18
Venezuela,VEN,AME,2017,18,8,1.6
Equatorial Guinea,GNQ,SSA,2017,17,3,3.56
Sudan,SDN,SSA,2017,16,7,2.31
Afghanistan,AFG,AP,2017,15,5,1.39
Yemen,YEM,MENA,2017,16,7,1.85
Syria,SYR,MENA,2017,14,5,1.93
South Sudan,SSD,SSA,2017,12,5,1.56
Somalia,SOM,SSA,2017,9,5,2.26
New Zealand,NZL,AP,2016,90,7,2.56
Denmark,DNK,WE/EU,2016,90,7,2.46
Finland,FIN,WE/EU,2016,89,7,1.46
Switzerland,CHE,WE/EU,2016,86,6,1.57
Singapore,SGP,AP,2016,84,8,2.35
Sweden,SWE,WE/EU,2016,88,7,1.33
Norway,NOR,WE/EU,2016,85,7,1.85
Netherlands,NLD,WE/EU,2016,83,7,2.32
Luxembourg,LUX,WE/EU,2016,81,6,1.96
Germany,DEU,WE/EU,2016,81,7,2.73
Iceland,ISL,WE/EU,2016,78,6,3.81
Canada,CAN,AME,2016,82,7,2.03
United Kingdom,GBR,WE/EU,2016,81,7,2.12
Australia,AUS,AP,2016,79,8,1.27
Austria,AUT,WE/EU,2016,75,7,1.36
Hong Kong,HKG,AP,2016,77,7,2.62
Belgium,BEL,WE/EU,2016,77,7,1.55
Ireland,IRL,WE/EU,2016,73,6,4.31
Estonia,EST,WE/EU,2016,70,10,2.16
Japan,JPN,AP,2016,72,8,3.02
United Arab Emirates,ARE,MENA,2016,66,7,5.7
Uruguay,URY,AME,2016,71,6,2.68
United States of America,USA,AME,2016,74,9,3.15
France,FRA,WE/EU,2016,69,7,2.97
Bhutan,BTN,AP,2016,65,5,2.12
Chile,CHL,AME,2016,66,8,2.65
Seychelles,SYC,SSA,2016,,,
Taiwan,TWN,AP,2016,61,8,3.79
Bahamas,BHS,AME,2016,66,3,5.2
Barbados,BRB,AME,2016,61,3,6.91
Portugal,PRT,WE/EU,2016,62,8,2.58
Qatar,QAT,MENA,2016,61,7,7.02
Spain,ESP,WE/EU,2016,58,7,4.09
Botswana,BWA,SSA,2016,60,6,3.1
Brunei Darussalam,BRN,AP,2016,58,3,8.85
Israel,ISR,MENA,2016,64,6,2.27
Slovenia,SVN,WE/EU,2016,61,10,2.44
Lithuania,LTU,WE/EU,2016,59,9,1.36
Saint Vincent and the Grenadines,VCT,AME,2016,60,3,1.66
"Korea, South",KOR,AP,2016,53,9,2.33
Poland,POL,WE/EU,2016,62,10,1.77
Cyprus,CYP,WE/EU,2016,55,5,5.94
Cabo Verde,CPV,SSA,2016,59,3,5.72
Costa Rica,CRI,AME,2016,58,7,3.17
Latvia,LVA,WE/EU,2016,57,9,2.96
Czech Republic,CZE,WE/EU,2016,55,9,2.24
Georgia,GEO,ECA,2016,57,6,3.61
Dominica,DMA,AME,2016,59,3,0.85
Saint Lucia,LCA,AME,2016,60,3,6.8
Malta,MLT,WE/EU,2016,55,5,1.39
Rwanda,RWA,SSA,2016,54,6,5.07
Grenada,GRD,AME,2016,56,3,4.63
Italy,ITA,WE/EU,2016,47,7,3.34
Saudi Arabia,SAU,MENA,2016,46,5,7.54
Malaysia,MYS,AP,2016,49,8,2.46
Namibia,NAM,SSA,2016,52,5,2.03
Mauritius,MUS,SSA,2016,54,4,2.14
Oman,OMN,MENA,2016,45,5,7.07
Slovakia,SVK,WE/EU,2016,51,8,3.09
Jordan,JOR,MENA,2016,48,8,3.03
Greece,GRC,WE/EU,2016,44,7,2.5
Cuba,CUB,AME,2016,47,5,2.9
Croatia,HRV,WE/EU,2016,49,9,2.39
Sao Tome and Principe,STP,SSA,2016,46,3,0.93
Vanuatu,VUT,AP,2016,,,
Montenegro,MNE,ECA,2016,45,4,2.89
Senegal,SEN,SSA,2016,45,8,2.63
Belarus,BLR,ECA,2016,40,7,3.93
Argentina,ARG,AME,2016,36,8,1.76
Romania,ROU,WE/EU,2016,48,10,3
Hungary,HUN,WE/EU,2016,48,9,2.89
South Africa,ZAF,SSA,2016,45,7,2.55
Suriname,SUR,AME,2016,45,4,7.53
Jamaica,JAM,AME,2016,39,6,1.84
Bulgaria,BGR,WE/EU,2016,41,9,2.2
Tunisia,TUN,MENA,2016,41,7,3.9
Solomon Islands,SLB,AP,2016,42,3,3.34
Bahrain,BHR,MENA,2016,43,5,5.96
Armenia,ARM,ECA,2016,33,6,4.01
China,CHN,AP,2016,40,8,2.39
Morocco,MAR,MENA,2016,37,7,1.74
Ghana,GHA,SSA,2016,43,9,2.89
India,IND,AP,2016,40,8,2.47
Benin,BEN,SSA,2016,36,6,3.8
Burkina Faso,BFA,SSA,2016,42,7,2.47
Lesotho,LSO,SSA,2016,39,5,6.15
Trinidad and Tobago,TTO,AME,2016,35,5,2.48
Kuwait,KWT,MENA,2016,41,5,2.67
Guyana,GUY,AME,2016,34,6,3.57
Indonesia,IDN,AP,2016,37,8,2.39
Serbia,SRB,ECA,2016,42,7,3.69
Turkey,TUR,ECA,2016,41,9,1.8
Sri Lanka,LKA,AP,2016,36,7,1.64
Timor-Leste,TLS,AP,2016,35,3,5.97
Ecuador,ECU,AME,2016,31,6,1.96
Colombia,COL,AME,2016,37,8,2.27
Tanzania,TZA,SSA,2016,32,9,1.84
Ethiopia,ETH,SSA,2016,34,9,1.37
Vietnam,VNM,AP,2016,33,8,2.46
Gambia,GMB,SSA,2016,26,5,7.2
Kosovo,KSV,ECA,2016,36,5,3.17
Bosnia and Herzegovina,BIH,ECA,2016,39,7,1.7
Panama,PAN,AME,2016,38,6,2.29
Thailand,THA,AP,2016,35,9,2.44
Peru,PER,AME,2016,35,7,2.04
Albania,ALB,ECA,2016,39,7,1.99
Brazil,BRA,AME,2016,40,8,4.34
Mongolia,MNG,AP,2016,38,9,1.7
Cote d'Ivoire,CIV,SSA,2016,34,8,2.03
North Macedonia,MKD,ECA,2016,37,7,4.97
Algeria,DZA,MENA,2016,34,6,2.94
Egypt,EGY,MENA,2016,34,6,2.72
Eswatini,SWZ,SSA,2016,,,
Zambia,ZMB,SSA,2016,38,9,2.91
Philippines,PHL,AP,2016,35,9,1.58
El Salvador,SLV,AME,2016,36,7,2.76
Kazakhstan,KAZ,ECA,2016,29,9,3.35
Nepal,NPL,AP,2016,29,6,2.33
Sierra Leone,SLE,SSA,2016,30,8,2.94
Niger,NER,SSA,2016,35,5,3.25
Pakistan,PAK,AP,2016,32,7,2.12
Moldova,MDA,ECA,2016,30,9,2.18
Bolivia,BOL,AME,2016,33,8,2.85
Gabon,GAB,SSA,2016,35,4,0.97
Malawi,MWI,SSA,2016,31,9,2.11
Djibouti,DJI,SSA,2016,30,3,8.23
Azerbaijan,AZE,ECA,2016,30,7,5.13
Ukraine,UKR,ECA,2016,29,9,1.97
Kyrgyzstan,KGZ,ECA,2016,28,7,2.08
Maldives,MDV,AP,2016,36,3,5.66
Togo,TGO,SSA,2016,32,5,4.21
Mali,MLI,SSA,2016,32,6,1.75
Myanmar,MMR,AP,2016,28,8,3.69
Laos,LAO,AP,2016,30,4,6.19
Mexico,MEX,AME,2016,30,8,1.56
Guinea,GIN,SSA,2016,27,5,2.54
Liberia,LBR,SSA,2016,37,7,3.43
Dominican Republic,DOM,AME,2016,31,6,1.89
Paraguay,PRY,AME,2016,30,6,2.68
Papua New Guinea,PNG,AP,2016,28,5,3.01
Russia,RUS,ECA,2016,29,9,2.73
Lebanon,LBN,MENA,2016,28,7,2.5
Kenya,KEN,SSA,2016,26,9,1.72
Mauritania,MRT,SSA,2016,27,5,3.62
Uganda,UGA,SSA,2016,25,9,2.24
Iran,IRN,MENA,2016,29,7,2.47
Honduras,HND,AME,2016,30,7,3.05
Guatemala,GTM,AME,2016,28,6,2.58
Bangladesh,BGD,AP,2016,26,7,4.13
Nigeria,NGA,SSA,2016,28,9,1.98
Mozambique,MOZ,SSA,2016,27,8,2.57
Angola,AGO,SSA,2016,18,4,1.68
Comoros,COM,SSA,2016,24,3,12.81
Cameroon,CMR,SSA,2016,26,9,3.04
Central African Republic,CAF,SSA,2016,20,4,4.04
Uzbekistan,UZB,ECA,2016,21,7,2.35
Tajikistan,TJK,ECA,2016,25,6,5.26
Madagascar,MDG,SSA,2016,26,7,2.88
Zimbabwe,ZWE,SSA,2016,22,9,2.59
Eritrea,ERI,SSA,2016,18,5,6.24
Nicaragua,NIC,AME,2016,26,7,1.98
Cambodia,KHM,AP,2016,21,8,2.82
Chad,TCD,SSA,2016,20,5,2.67
Iraq,IRQ,MENA,2016,17,5,1.87
Burundi,BDI,SSA,2016,20,6,1.53
Congo,COG,SSA,2016,20,5,1.78
Turkmenistan,TKM,ECA,2016,22,4,1.32
Haiti,HTI,AME,2016,20,5,1.81
Democratic Republic of the Congo,COD,SSA,2016,21,7,2.13
Libya,LBY,MENA,2016,14,4,2
Guinea Bissau,GNB,SSA,2016,16,4,2.09
"Korea, North",PRK,AP,2016,12,3,1.39
Venezuela,VEN,AME,2016,17,7,1.41
Equatorial Guinea,GNQ,SSA,2016,,,
Sudan,SDN,SSA,2016,14,7,2.99
Afghanistan,AFG,AP,2016,15,5,1.74
Yemen,YEM,MENA,2016,14,7,3.05
Syria,SYR,MENA,2016,13,5,1.97
South Sudan,SSD,SSA,2016,11,5,3.21
Somalia,SOM,SSA,2016,10,5,2.98
New Zealand,NZL,AP,2015,91,7,2.32
Denmark,DNK,WE/EU,2015,91,7,2.16
Finland,FIN,WE/EU,2015,90,7,1.77
Switzerland,CHE,WE/EU,2015,86,6,2.55
Singapore,SGP,AP,2015,85,8,2.02
Sweden,SWE,WE/EU,2015,89,7,1.71
Norway,NOR,WE/EU,2015,88,7,2.24
Netherlands,NLD,WE/EU,2015,84,7,1.98
Luxembourg,LUX,WE/EU,2015,85,5,1.6
Germany,DEU,WE/EU,2015,81,7,2.5
Iceland,ISL,WE/EU,2015,79,5,4.53
Canada,CAN,AME,2015,83,7,1.63
United Kingdom,GBR,WE/EU,2015,81,7,2.4
Australia,AUS,AP,2015,79,8,1.5
Austria,AUT,WE/EU,2015,76,7,1.76
Hong Kong,HKG,AP,2015,75,7,2.48
Belgium,BEL,WE/EU,2015,77,7,1.34
Ireland,IRL,WE/EU,2015,75,6,4.92
Estonia,EST,WE/EU,2015,70,9,2.79
Japan,JPN,AP,2015,75,8,2.96
United Arab Emirates,ARE,MENA,2015,70,7,5.07
Uruguay,URY,AME,2015,74,6,1.68
United States of America,USA,AME,2015,76,8,3.47
France,FRA,WE/EU,2015,70,7,2.49
Bhutan,BTN,AP,2015,65,4,2.14
Chile,CHL,AME,2015,70,8,2.15
Seychelles,SYC,SSA,2015,55,3,8.5
Taiwan,TWN,AP,2015,62,7,3.78
Bahamas,BHS,AME,2015,,,
Barbados,BRB,AME,2015,,,
Portugal,PRT,WE/EU,2015,64,7,2.5
Qatar,QAT,MENA,2015,71,6,6.63
Spain,ESP,WE/EU,2015,58,7,4.07
Botswana,BWA,SSA,2015,63,6,2.35
Brunei Darussalam,BRN,AP,2015,,,
Israel,ISR,MENA,2015,61,6,2.78
Slovenia,SVN,WE/EU,2015,60,9,2.93
Lithuania,LTU,WE/EU,2015,59,8,1.92
Saint Vincent and the Grenadines,VCT,AME,2015,,,
"Korea, South",KOR,AP,2015,54,9,2.29
Poland,POL,WE/EU,2015,63,9,2.59
Cyprus,CYP,WE/EU,2015,61,5,4.17
Cabo Verde,CPV,SSA,2015,55,4,6.16
Costa Rica,CRI,AME,2015,55,6,2.71
Latvia,LVA,WE/EU,2015,56,8,2.76
Czech Republic,CZE,WE/EU,2015,56,9,2.21
Georgia,GEO,ECA,2015,52,5,6.53
Dominica,DMA,AME,2015,,,
Saint Lucia,LCA,AME,2015,,,
Malta,MLT,WE/EU,2015,60,4,1.32
Rwanda,RWA,SSA,2015,54,5,6.42
Grenada,GRD,AME,2015,,,
Italy,ITA,WE/EU,2015,44,7,2.5
Saudi Arabia,SAU,MENA,2015,52,5,7.03
Malaysia,MYS,AP,2015,50,8,3
Namibia,NAM,SSA,2015,53,5,2.75
Mauritius,MUS,SSA,2015,53,4,1.49
Oman,OMN,MENA,2015,45,5,6.69
Slovakia,SVK,WE/EU,2015,51,8,3.63
Jordan,JOR,MENA,2015,53,7,3
Greece,GRC,WE/EU,2015,46,7,5.08
Cuba,CUB,AME,2015,47,4,3.64
Croatia,HRV,WE/EU,2015,51,9,2.02
Sao Tome and Principe,STP,SSA,2015,42,3,5
Vanuatu,VUT,AP,2015,,,
Montenegro,MNE,ECA,2015,44,4,4.87
Senegal,SEN,SSA,2015,44,8,2.61
Belarus,BLR,ECA,2015,32,6,4.37
Argentina,ARG,AME,2015,32,7,1.84
Romania,ROU,WE/EU,2015,46,9,3.11
Hungary,HUN,WE/EU,2015,51,9,3.73
South Africa,ZAF,SSA,2015,44,7,2.61
Suriname,SUR,AME,2015,36,3,3.21
Jamaica,JAM,AME,2015,41,6,1.68
Bulgaria,BGR,WE/EU,2015,41,9,2.43
Tunisia,TUN,MENA,2015,38,6,2.17
Solomon Islands,SLB,AP,2015,,,
Bahrain,BHR,MENA,2015,51,5,7.86
Armenia,ARM,ECA,2015,35,5,2.98
China,CHN,AP,2015,37,8,2.34
Morocco,MAR,MENA,2015,36,6,3.85
Ghana,GHA,SSA,2015,47,8,2.82
India,IND,AP,2015,38,8,3.14
Benin,BEN,SSA,2015,37,5,4.43
Burkina Faso,BFA,SSA,2015,38,7,2.97
Lesotho,LSO,SSA,2015,44,5,4.99
Trinidad and Tobago,TTO,AME,2015,39,4,4.64
Kuwait,KWT,MENA,2015,49,5,4.51
Guyana,GUY,AME,2015,29,4,3.01
Indonesia,IDN,AP,2015,36,8,3.39
Serbia,SRB,ECA,2015,40,7,3.9
Turkey,TUR,ECA,2015,42,8,2.02
Sri Lanka,LKA,AP,2015,37,7,2.09
Timor-Leste,TLS,AP,2015,28,3,5.17
Ecuador,ECU,AME,2015,32,6,2.86
Colombia,COL,AME,2015,37,7,1.94
Tanzania,TZA,SSA,2015,30,8,3.49
Ethiopia,ETH,SSA,2015,33,8,2.73
Vietnam,VNM,AP,2015,31,8,2.56
Gambia,GMB,SSA,2015,28,5,6.67
Kosovo,KSV,ECA,2015,33,3,2.19
Bosnia and Herzegovina,BIH,ECA,2015,38,6,1.71
Panama,PAN,AME,2015,39,6,3.01
Thailand,THA,AP,2015,38,8,2.12
Peru,PER,AME,2015,36,7,3.05
Albania,ALB,ECA,2015,36,7,3.58
Brazil,BRA,AME,2015,38,7,5.29
Mongolia,MNG,AP,2015,39,8,1.76
Cote d'Ivoire,CIV,SSA,2015,32,8,2.65
North Macedonia,MKD,ECA,2015,42,6,5.27
Algeria,DZA,MENA,2015,36,5,1.85
Egypt,EGY,MENA,2015,36,6,2.47
Eswatini,SWZ,SSA,2015,,,
Zambia,ZMB,SSA,2015,38,8,2.55
Philippines,PHL,AP,2015,35,8,1.92
El Salvador,SLV,AME,2015,39,6,2.26
Kazakhstan,KAZ,ECA,2015,28,8,4.9
Nepal,NPL,AP,2015,27,5,2.73
Sierra Leone,SLE,SSA,2015,29,8,3.44
Niger,NER,SSA,2015,34,5,4.16
Pakistan,PAK,AP,2015,30,7,3.12
Moldova,MDA,ECA,2015,33,8,2.88
Bolivia,BOL,AME,2015,34,7,3.58
Gabon,GAB,SSA,2015,34,4,1.65
Malawi,MWI,SSA,2015,31,8,2.41
Djibouti,DJI,SSA,2015,34,3,9.07
Azerbaijan,AZE,ECA,2015,29,6,3.25
Ukraine,UKR,ECA,2015,27,8,1.93
Kyrgyzstan,KGZ,ECA,2015,28,6,2.29
Maldives,MDV,AP,2015,,,
Togo,TGO,SSA,2015,32,5,3.04
Mali,MLI,SSA,2015,35,6,1.89
Myanmar,MMR,AP,2015,22,7,2.82
Laos,LAO,AP,2015,25,4,5.31
Mexico,MEX,AME,2015,31,8,3.02
Guinea,GIN,SSA,2015,25,6,3.16
Liberia,LBR,SSA,2015,37,7,4.22
Dominican Republic,DOM,AME,2015,33,6,2.63
Paraguay,PRY,AME,2015,27,5,2.85
Papua New Guinea,PNG,AP,2015,25,5,4.22
Russia,RUS,ECA,2015,29,8,2.52
Lebanon,LBN,MENA,2015,28,6,3.22
Kenya,KEN,SSA,2015,25,8,3.02
Mauritania,MRT,SSA,2015,31,5,5.07
Uganda,UGA,SSA,2015,25,8,3.19
Iran,IRN,MENA,2015,27,6,3.28
Honduras,HND,AME,2015,31,7,4.12
Guatemala,GTM,AME,2015,28,6,3.46
Bangladesh,BGD,AP,2015,25,7,4.3
Nigeria,NGA,SSA,2015,26,8,2.24
Mozambique,MOZ,SSA,2015,31,7,1.97
Angola,AGO,SSA,2015,15,5,1.8
Comoros,COM,SSA,2015,26,3,8.76
Cameroon,CMR,SSA,2015,27,8,3.26
Central African Republic,CAF,SSA,2015,24,4,1.44
Uzbekistan,UZB,ECA,2015,19,6,2.71
Tajikistan,TJK,ECA,2015,26,5,7.36
Madagascar,MDG,SSA,2015,28,7,2.99
Zimbabwe,ZWE,SSA,2015,21,8,4.54
Eritrea,ERI,SSA,2015,18,4,8.15
Nicaragua,NIC,AME,2015,27,7,2.5
Cambodia,KHM,AP,2015,21,7,3.87
Chad,TCD,SSA,2015,22,5,2.35
Iraq,IRQ,MENA,2015,16,4,2.5
Burundi,BDI,SSA,2015,21,5,2.94
Congo,COG,SSA,2015,23,6,4.11
Turkmenistan,TKM,ECA,2015,18,4,2.38
Haiti,HTI,AME,2015,17,5,2.74
Democratic Republic of the Congo,COD,SSA,2015,22,6,3.35
Libya,LBY,MENA,2015,16,5,3.18
Guinea Bissau,GNB,SSA,2015,17,4,2.63
"Korea, North",PRK,AP,2015,8,3,3.38
Venezuela,VEN,AME,2015,17,7,2.64
Equatorial Guinea,GNQ,SSA,2015,,,
Sudan,SDN,SSA,2015,12,6,3.64
Afghanistan,AFG,AP,2015,11,4,3.49
Yemen,YEM,MENA,2015,18,6,2.66
Syria,SYR,MENA,2015,18,4,5.66
South Sudan,SSD,SSA,2015,15,3,1.45
Somalia,SOM,SSA,2015,8,4,2.32
New Zealand,NZL,AP,2014,91,7,2.28
Denmark,DNK,WE/EU,2014,92,7,2.04
Finland,FIN,WE/EU,2014,89,7,2.05
Switzerland,CHE,WE/EU,2014,86,6,2.61
Singapore,SGP,AP,2014,84,8,1.75
Sweden,SWE,WE/EU,2014,87,7,3.41
Norway,NOR,WE/EU,2014,86,7,2.38
Netherlands,NLD,WE/EU,2014,83,7,1.97
Luxembourg,LUX,WE/EU,2014,82,6,2.78
Germany,DEU,WE/EU,2014,79,7,2.58
Iceland,ISL,WE/EU,2014,79,6,3.16
Canada,CAN,AME,2014,81,7,2.45
United Kingdom,GBR,WE/EU,2014,78,7,2.09
Australia,AUS,AP,2014,80,8,1.31
Austria,AUT,WE/EU,2014,72,7,3.49
Hong Kong,HKG,AP,2014,74,7,2.75
Belgium,BEL,WE/EU,2014,76,7,2.26
Ireland,IRL,WE/EU,2014,74,6,4.75
Estonia,EST,WE/EU,2014,69,9,2.89
Japan,JPN,AP,2014,76,8,3.16
United Arab Emirates,ARE,MENA,2014,70,7,5.14
Uruguay,URY,AME,2014,73,6,1.41
United States of America,USA,AME,2014,74,8,3.74
France,FRA,WE/EU,2014,69,7,2.17
Bhutan,BTN,AP,2014,65,4,1.81
Chile,CHL,AME,2014,73,8,1.74
Seychelles,SYC,SSA,2014,55,3,8.62
Taiwan,TWN,AP,2014,61,7,4.17
Bahamas,BHS,AME,2014,71,3,0.99
Barbados,BRB,AME,2014,74,3,8.09
Portugal,PRT,WE/EU,2014,63,7,3.36
Qatar,QAT,MENA,2014,69,6,7.21
Spain,ESP,WE/EU,2014,60,7,3.75
Botswana,BWA,SSA,2014,63,6,1.93
Brunei Darussalam,BRN,AP,2014,,,
Israel,ISR,MENA,2014,60,6,2.34
Slovenia,SVN,WE/EU,2014,58,9,3.03
Lithuania,LTU,WE/EU,2014,58,8,3.85
Saint Vincent and the Grenadines,VCT,AME,2014,62,3,5.59
"Korea, South",KOR,AP,2014,55,9,2.64
Poland,POL,WE/EU,2014,61,9,2.7
Cyprus,CYP,WE/EU,2014,63,5,3.92
Cabo Verde,CPV,SSA,2014,57,4,5.94
Costa Rica,CRI,AME,2014,54,5,4.07
Latvia,LVA,WE/EU,2014,55,8,3.35
Czech Republic,CZE,WE/EU,2014,51,9,2.94
Georgia,GEO,ECA,2014,52,6,6.47
Dominica,DMA,AME,2014,58,3,2.34
Saint Lucia,LCA,AME,2014,71,3,0.84
Malta,MLT,WE/EU,2014,55,5,2.63
Rwanda,RWA,SSA,2014,49,4,3.23
Grenada,GRD,AME,2014,,,
Italy,ITA,WE/EU,2014,43,7,2.26
Saudi Arabia,SAU,MENA,2014,49,5,6.69
Malaysia,MYS,AP,2014,52,8,2.88
Namibia,NAM,SSA,2014,49,5,4
Mauritius,MUS,SSA,2014,54,4,2.39
Oman,OMN,MENA,2014,45,5,6.55
Slovakia,SVK,WE/EU,2014,50,8,4.07
Jordan,JOR,MENA,2014,49,7,2.87
Greece,GRC,WE/EU,2014,43,7,5.56
Cuba,CUB,AME,2014,46,4,4.46
Croatia,HRV,WE/EU,2014,48,9,3.25
Sao Tome and Principe,STP,SSA,2014,42,3,5.05
Vanuatu,VUT,AP,2014,,,
Montenegro,MNE,ECA,2014,42,4,4.25
Senegal,SEN,SSA,2014,43,8,2.28
Belarus,BLR,ECA,2014,31,5,4.04
Argentina,ARG,AME,2014,34,7,2.42
Romania,ROU,WE/EU,2014,43,9,3.6
Hungary,HUN,WE/EU,2014,54,9,3.45
South Africa,ZAF,SSA,2014,44,7,2.41
Suriname,SUR,AME,2014,36,3,3.25
Jamaica,JAM,AME,2014,38,6,1.8
Bulgaria,BGR,WE/EU,2014,43,9,2.82
Tunisia,TUN,MENA,2014,40,6,1.72
Solomon Islands,SLB,AP,2014,,,
Bahrain,BHR,MENA,2014,49,5,6.11
Armenia,ARM,ECA,2014,37,6,3.69
China,CHN,AP,2014,36,8,2.17
Morocco,MAR,MENA,2014,39,6,3.57
Ghana,GHA,SSA,2014,48,8,3.01
India,IND,AP,2014,38,9,2.27
Benin,BEN,SSA,2014,39,4,4.38
Burkina Faso,BFA,SSA,2014,38,7,2.67
Lesotho,LSO,SSA,2014,49,5,3.55
Trinidad and Tobago,TTO,AME,2014,38,4,4.82
Kuwait,KWT,MENA,2014,44,5,5.24
Guyana,GUY,AME,2014,30,4,3.03
Indonesia,IDN,AP,2014,34,8,3.57
Serbia,SRB,ECA,2014,41,7,2.92
Turkey,TUR,ECA,2014,45,8,2.69
Sri Lanka,LKA,AP,2014,38,7,2.18
Timor-Leste,TLS,AP,2014,28,3,5.18
Ecuador,ECU,AME,2014,33,5,3.56
Colombia,COL,AME,2014,37,7,1.68
Tanzania,TZA,SSA,2014,31,8,3.2
Ethiopia,ETH,SSA,2014,33,8,2.54
Vietnam,VNM,AP,2014,31,8,2.55
Gambia,GMB,SSA,2014,29,5,7.55
Kosovo,KSV,ECA,2014,33,3,2.33
Bosnia and Herzegovina,BIH,ECA,2014,39,6,1.15
Panama,PAN,AME,2014,37,6,3.49
Thailand,THA,AP,2014,38,8,1.6
Peru,PER,AME,2014,38,7,2.63
Albania,ALB,ECA,2014,33,7,1.51
Brazil,BRA,AME,2014,43,7,4.01
Mongolia,MNG,AP,2014,39,7,2.13
Cote d'Ivoire,CIV,SSA,2014,32,8,4.2
North Macedonia,MKD,ECA,2014,45,6,5.92
Algeria,DZA,MENA,2014,36,5,2.06
Egypt,EGY,MENA,2014,37,6,2.91
Eswatini,SWZ,SSA,2014,43,3,2.98
Zambia,ZMB,SSA,2014,38,8,2.27
Philippines,PHL,AP,2014,38,8,1.84
El Salvador,SLV,AME,2014,39,6,1.98
Kazakhstan,KAZ,ECA,2014,29,8,4.4
Nepal,NPL,AP,2014,29,5,2.2
Sierra Leone,SLE,SSA,2014,31,8,2.3
Niger,NER,SSA,2014,35,5,3.99
Pakistan,PAK,AP,2014,29,7,3.24
Moldova,MDA,ECA,2014,35,8,2.7
Bolivia,BOL,AME,2014,35,7,2.98
Gabon,GAB,SSA,2014,37,4,4.19
Malawi,MWI,SSA,2014,33,8,3.03
Djibouti,DJI,SSA,2014,34,3,9.1
Azerbaijan,AZE,ECA,2014,29,6,3.02
Ukraine,UKR,ECA,2014,26,8,1.64
Kyrgyzstan,KGZ,ECA,2014,27,6,2.35
Maldives,MDV,AP,2014,,,
Togo,TGO,SSA,2014,29,5,3.69
Mali,MLI,SSA,2014,32,6,3.37
Myanmar,MMR,AP,2014,21,7,2.87
Laos,LAO,AP,2014,25,4,3.8
Mexico,MEX,AME,2014,35,8,1.66
Guinea,GIN,SSA,2014,25,7,3.21
Liberia,LBR,SSA,2014,37,6,3.09
Dominican Republic,DOM,AME,2014,32,6,3.3
Paraguay,PRY,AME,2014,24,5,2.95
Papua New Guinea,PNG,AP,2014,25,5,4.16
Russia,RUS,ECA,2014,27,8,2.61
Lebanon,LBN,MENA,2014,27,6,3.37
Kenya,KEN,SSA,2014,25,8,2.98
Mauritania,MRT,SSA,2014,30,5,4.23
Uganda,UGA,SSA,2014,26,8,3.03
Iran,IRN,MENA,2014,27,6,4.72
Honduras,HND,AME,2014,29,6,3.49
Guatemala,GTM,AME,2014,32,6,2.96
Bangladesh,BGD,AP,2014,25,7,4.23
Nigeria,NGA,SSA,2014,27,8,2.82
Mozambique,MOZ,SSA,2014,31,7,1.89
Angola,AGO,SSA,2014,19,6,1.71
Comoros,COM,SSA,2014,26,3,8.75
Cameroon,CMR,SSA,2014,27,8,2.87
Central African Republic,CAF,SSA,2014,24,4,1.33
Uzbekistan,UZB,ECA,2014,18,6,2.54
Tajikistan,TJK,ECA,2014,23,5,5.32
Madagascar,MDG,SSA,2014,28,8,3.38
Zimbabwe,ZWE,SSA,2014,21,8,4.18
Eritrea,ERI,SSA,2014,18,4,7.91
Nicaragua,NIC,AME,2014,28,7,2.03
Cambodia,KHM,AP,2014,21,7,2.25
Chad,TCD,SSA,2014,22,5,2.95
Iraq,IRQ,MENA,2014,16,4,2.37
Burundi,BDI,SSA,2014,20,5,3.65
Congo,COG,SSA,2014,23,6,4.2
Turkmenistan,TKM,ECA,2014,17,3,2.85
Haiti,HTI,AME,2014,19,5,2.86
Democratic Republic of the Congo,COD,SSA,2014,22,5,4.19
Libya,LBY,MENA,2014,18,5,2.81
Guinea Bissau,GNB,SSA,2014,19,4,2.37
"Korea, North",PRK,AP,2014,8,3,3.35
Venezuela,VEN,AME,2014,19,7,1.69
Equatorial Guinea,GNQ,SSA,2014,,,
Sudan,SDN,SSA,2014,11,6,3.55
Afghanistan,AFG,AP,2014,12,4,1.29
Yemen,YEM,MENA,2014,19,6,2.37
Syria,SYR,MENA,2014,20,4,5.31
South Sudan,SSD,SSA,2014,15,3,2.35
Somalia,SOM,SSA,2014,8,4,2.34
New Zealand,NZL,AP,2013,91,7,2.3
Denmark,DNK,WE/EU,2013,91,7,2.2
Finland,FIN,WE/EU,2013,89,7,1.7
Switzerland,CHE,WE/EU,2013,85,6,2.5
Singapore,SGP,AP,2013,86,9,2.3
Sweden,SWE,WE/EU,2013,89,7,2.3
Norway,NOR,WE/EU,2013,86,7,2.3
Netherlands,NLD,WE/EU,2013,83,7,2
Luxembourg,LUX,WE/EU,2013,80,6,2.9
Germany,DEU,WE/EU,2013,78,8,2.4
Iceland,ISL,WE/EU,2013,78,6,2.8
Canada,CAN,AME,2013,81,7,2.4
United Kingdom,GBR,WE/EU,2013,76,8,1.3
Australia,AUS,AP,2013,81,8,1.5
Austria,AUT,WE/EU,2013,69,8,3.2
Hong Kong,HKG,AP,2013,75,8,2.4
Belgium,BEL,WE/EU,2013,75,7,2.3
Ireland,IRL,WE/EU,2013,72,6,4.2
Estonia,EST,WE/EU,2013,68,9,2.7
Japan,JPN,AP,2013,74,9,2.4
United Arab Emirates,ARE,MENA,2013,69,7,4.7
Uruguay,URY,AME,2013,73,6,1.4
United States of America,USA,AME,2013,73,9,4
France,FRA,WE/EU,2013,71,8,2.4
Bhutan,BTN,AP,2013,63,4,2.6
Chile,CHL,AME,2013,71,9,1.8
Seychelles,SYC,SSA,2013,54,4,8.2
Taiwan,TWN,AP,2013,61,7,4.3
Bahamas,BHS,AME,2013,71,3,1
Barbados,BRB,AME,2013,75,3,7.1
Portugal,PRT,WE/EU,2013,62,7,3
Qatar,QAT,MENA,2013,68,6,7.2
Spain,ESP,WE/EU,2013,59,7,4.9
Botswana,BWA,SSA,2013,64,7,1.6
Brunei Darussalam,BRN,AP,2013,60,3,10.4
Israel,ISR,MENA,2013,61,6,1.6
Slovenia,SVN,WE/EU,2013,57,9,3.6
Lithuania,LTU,WE/EU,2013,57,8,3.8
Saint Vincent and the Grenadines,VCT,AME,2013,62,3,5.6
"Korea, South",KOR,AP,2013,55,10,2.4
Poland,POL,WE/EU,2013,60,10,2.3
Cyprus,CYP,WE/EU,2013,63,5,3.9
Cabo Verde,CPV,SSA,2013,58,4,4.8
Costa Rica,CRI,AME,2013,53,5,4.1
Latvia,LVA,WE/EU,2013,53,8,3.6
Czech Republic,CZE,WE/EU,2013,48,10,3
Georgia,GEO,ECA,2013,49,6,6.9
Dominica,DMA,AME,2013,58,3,2.3
Saint Lucia,LCA,AME,2013,71,3,0.8
Malta,MLT,WE/EU,2013,56,5,2.4
Rwanda,RWA,SSA,2013,53,5,5.7
Grenada,GRD,AME,2013,,,
Italy,ITA,WE/EU,2013,43,7,2.5
Saudi Arabia,SAU,MENA,2013,46,5,6.7
Malaysia,MYS,AP,2013,50,9,3.4
Namibia,NAM,SSA,2013,48,6,3.4
Mauritius,MUS,SSA,2013,52,5,1.1
Oman,OMN,MENA,2013,47,5,7.8
Slovakia,SVK,WE/EU,2013,47,8,4.7
Jordan,JOR,MENA,2013,45,7,2.4
Greece,GRC,WE/EU,2013,40,7,4.5
Cuba,CUB,AME,2013,46,4,4.5
Croatia,HRV,WE/EU,2013,48,9,3.3
Sao Tome and Principe,STP,SSA,2013,42,3,5
Vanuatu,VUT,AP,2013,,,
Montenegro,MNE,ECA,2013,44,4,2.2
Senegal,SEN,SSA,2013,41,9,1.5
Belarus,BLR,ECA,2013,29,5,4
Argentina,ARG,AME,2013,34,8,2.4
Romania,ROU,WE/EU,2013,43,9,3
Hungary,HUN,WE/EU,2013,54,10,3.6
South Africa,ZAF,SSA,2013,42,9,2.8
Suriname,SUR,AME,2013,36,3,3.2
Jamaica,JAM,AME,2013,38,6,1.8
Bulgaria,BGR,WE/EU,2013,41,9,3.3
Tunisia,TUN,MENA,2013,41,7,1.9
Solomon Islands,SLB,AP,2013,,,
Bahrain,BHR,MENA,2013,48,5,5.4
Armenia,ARM,ECA,2013,36,6,3.5
China,CHN,AP,2013,40,9,2.9
Morocco,MAR,MENA,2013,37,8,2.9
Ghana,GHA,SSA,2013,46,9,3.3
India,IND,AP,2013,36,10,2.2
Benin,BEN,SSA,2013,36,6,3.4
Burkina Faso,BFA,SSA,2013,38,7,3.9
Lesotho,LSO,SSA,2013,49,5,3.6
Trinidad and Tobago,TTO,AME,2013,38,4,5.1
Kuwait,KWT,MENA,2013,43,5,3.9
Guyana,GUY,AME,2013,27,4,2.9
Indonesia,IDN,AP,2013,32,9,3.5
Serbia,SRB,ECA,2013,42,7,3.4
Turkey,TUR,ECA,2013,50,9,2.4
Sri Lanka,LKA,AP,2013,37,7,2.1
Timor-Leste,TLS,AP,2013,30,3,3.2
Ecuador,ECU,AME,2013,35,6,3.6
Colombia,COL,AME,2013,36,7,2
Tanzania,TZA,SSA,2013,33,8,2.7
Ethiopia,ETH,SSA,2013,33,8,2.5
Vietnam,VNM,AP,2013,31,8,2.6
Gambia,GMB,SSA,2013,28,5,6.7
Kosovo,KSV,ECA,2013,33,3,2.3
Bosnia and Herzegovina,BIH,ECA,2013,42,7,2.9
Panama,PAN,AME,2013,35,6,2.2
Thailand,THA,AP,2013,35,8,1.2
Peru,PER,AME,2013,38,7,2.5
Albania,ALB,ECA,2013,31,7,2.1
Brazil,BRA,AME,2013,42,8,3.7
Mongolia,MNG,AP,2013,38,7,2.2
Cote d'Ivoire,CIV,SSA,2013,27,8,2.3
North Macedonia,MKD,ECA,2013,44,6,5
Algeria,DZA,MENA,2013,36,6,2.8
Egypt,EGY,MENA,2013,32,7,3.1
Eswatini,SWZ,SSA,2013,39,4,1.8
Zambia,ZMB,SSA,2013,38,8,2.1
Philippines,PHL,AP,2013,36,9,2.5
El Salvador,SLV,AME,2013,38,6,2
Kazakhstan,KAZ,ECA,2013,26,8,3.3
Nepal,NPL,AP,2013,31,5,1.4
Sierra Leone,SLE,SSA,2013,30,8,2.4
Niger,NER,SSA,2013,34,5,3.7
Pakistan,PAK,AP,2013,28,8,3
Moldova,MDA,ECA,2013,35,8,2.8
Bolivia,BOL,AME,2013,34,7,3.7
Gabon,GAB,SSA,2013,34,5,1.5
Malawi,MWI,SSA,2013,37,8,1.7
Djibouti,DJI,SSA,2013,36,3,8.6
Azerbaijan,AZE,ECA,2013,28,6,3.5
Ukraine,UKR,ECA,2013,25,8,1.7
Kyrgyzstan,KGZ,ECA,2013,24,6,2.3
Maldives,MDV,AP,2013,,,
Togo,TGO,SSA,2013,29,5,3.7
Mali,MLI,SSA,2013,28,6,3.3
Myanmar,MMR,AP,2013,21,6,3.9
Laos,LAO,AP,2013,26,4,5
Mexico,MEX,AME,2013,34,9,1.8
Guinea,GIN,SSA,2013,24,7,3.6
Liberia,LBR,SSA,2013,38,7,3.3
Dominican Republic,DOM,AME,2013,29,6,3.5
Paraguay,PRY,AME,2013,24,5,3.1
Papua New Guinea,PNG,AP,2013,25,5,4.2
Russia,RUS,ECA,2013,28,9,2.3
Lebanon,LBN,MENA,2013,28,6,3.3
Kenya,KEN,SSA,2013,27,8,2.7
Mauritania,MRT,SSA,2013,30,5,4.1
Uganda,UGA,SSA,2013,26,8,3.3
Iran,IRN,MENA,2013,25,6,3.9
Honduras,HND,AME,2013,26,6,2.5
Guatemala,GTM,AME,2013,29,6,2.6
Bangladesh,BGD,AP,2013,27,7,4.1
Nigeria,NGA,SSA,2013,25,9,3.1
Mozambique,MOZ,SSA,2013,30,7,2
Angola,AGO,SSA,2013,23,7,2.8
Comoros,COM,SSA,2013,28,3,7.5
Cameroon,CMR,SSA,2013,25,8,2.9
Central African Republic,CAF,SSA,2013,25,4,5.4
Uzbekistan,UZB,ECA,2013,17,6,2
Tajikistan,TJK,ECA,2013,22,5,3.8
Madagascar,MDG,SSA,2013,28,8,1.9
Zimbabwe,ZWE,SSA,2013,21,8,4.3
Eritrea,ERI,SSA,2013,20,4,11
Nicaragua,NIC,AME,2013,28,7,2.4
Cambodia,KHM,AP,2013,20,7,3
Chad,TCD,SSA,2013,19,5,3.8
Iraq,IRQ,MENA,2013,16,4,2.4
Burundi,BDI,SSA,2013,21,5,2.6
Congo,COG,SSA,2013,22,6,3.8
Turkmenistan,TKM,ECA,2013,17,3,2.9
Haiti,HTI,AME,2013,19,5,3.1
Democratic Republic of the Congo,COD,SSA,2013,22,5,4.2
Libya,LBY,MENA,2013,15,6,3.3
Guinea Bissau,GNB,SSA,2013,19,4,2.4
"Korea, North",PRK,AP,2013,8,3,3.4
Venezuela,VEN,AME,2013,20,7,2.3
Equatorial Guinea,GNQ,SSA,2013,19,3,2.2
Sudan,SDN,SSA,2013,11,6,3.5
Afghanistan,AFG,AP,2013,8,3,3.3
Yemen,YEM,MENA,2013,18,6,2.6
Syria,SYR,MENA,2013,17,4,3.8
South Sudan,SSD,SSA,2013,14,3,1.6
Somalia,SOM,SSA,2013,8,4,1.9
New Zealand,NZL,AP,2012,90,7,2.2
Denmark,DNK,WE/EU,2012,90,7,2
Finland,FIN,WE/EU,2012,90,7,3
Switzerland,CHE,WE/EU,2012,86,6,2.6
Singapore,SGP,AP,2012,87,9,2.1
Sweden,SWE,WE/EU,2012,88,7,1.9
Norway,NOR,WE/EU,2012,85,7,1.6
Netherlands,NLD,WE/EU,2012,84,7,2
Luxembourg,LUX,WE/EU,2012,80,6,2.8
Germany,DEU,WE/EU,2012,79,8,2.3
Iceland,ISL,WE/EU,2012,82,6,4.1
Canada,CAN,AME,2012,84,7,2.2
United Kingdom,GBR,WE/EU,2012,74,8,1.3
Australia,AUS,AP,2012,85,8,1.1
Austria,AUT,WE/EU,2012,69,8,2.4
Hong Kong,HKG,AP,2012,77,8,1.9
Belgium,BEL,WE/EU,2012,75,7,2.4
Ireland,IRL,WE/EU,2012,69,6,3.5
Estonia,EST,WE/EU,2012,64,8,3
Japan,JPN,AP,2012,74,9,2.3
United Arab Emirates,ARE,MENA,2012,68,7,4.3
Uruguay,URY,AME,2012,72,6,1.5
United States of America,USA,AME,2012,73,9,4.1
France,FRA,WE/EU,2012,71,8,2.4
Bhutan,BTN,AP,2012,63,3,3.6
Chile,CHL,AME,2012,72,9,2.1
Seychelles,SYC,SSA,2012,52,4,8
Taiwan,TWN,AP,2012,61,7,3.9
Bahamas,BHS,AME,2012,71,3,1
Barbados,BRB,AME,2012,76,3,6.7
Portugal,PRT,WE/EU,2012,63,7,2.5
Qatar,QAT,MENA,2012,68,6,6.4
Spain,ESP,WE/EU,2012,65,7,2.9
Botswana,BWA,SSA,2012,65,7,1.9
Brunei Darussalam,BRN,AP,2012,55,3,9.1
Israel,ISR,MENA,2012,60,5,2.9
Slovenia,SVN,WE/EU,2012,61,8,3.9
Lithuania,LTU,WE/EU,2012,54,7,5.3
Saint Vincent and the Grenadines,VCT,AME,2012,62,3,5.6
"Korea, South",KOR,AP,2012,56,10,2.4
Poland,POL,WE/EU,2012,58,10,2
Cyprus,CYP,WE/EU,2012,66,4,2.4
Cabo Verde,CPV,SSA,2012,60,4,3.8
Costa Rica,CRI,AME,2012,54,5,7
Latvia,LVA,WE/EU,2012,49,6,4
Czech Republic,CZE,WE/EU,2012,49,10,2.9
Georgia,GEO,ECA,2012,52,6,6
Dominica,DMA,AME,2012,58,3,2.3
Saint Lucia,LCA,AME,2012,71,3,0.8
Malta,MLT,WE/EU,2012,57,4,2.4
Rwanda,RWA,SSA,2012,53,5,6.3
Grenada,GRD,AME,2012,,,
Italy,ITA,WE/EU,2012,42,7,2.4
Saudi Arabia,SAU,MENA,2012,44,5,6.4
Malaysia,MYS,AP,2012,49,9,3.4
Namibia,NAM,SSA,2012,48,6,3.5
Mauritius,MUS,SSA,2012,57,5,3.5
Oman,OMN,MENA,2012,47,5,7.6
Slovakia,SVK,WE/EU,2012,46,8,4.3
Jordan,JOR,MENA,2012,48,7,3.1
Greece,GRC,WE/EU,2012,36,7,3.6
Cuba,CUB,AME,2012,48,4,4.1
Croatia,HRV,WE/EU,2012,46,8,3.1
Sao Tome and Principe,STP,SSA,2012,42,3,5
Vanuatu,VUT,AP,2012,,,
Montenegro,MNE,ECA,2012,41,4,4.5
Senegal,SEN,SSA,2012,36,9,1.8
Belarus,BLR,ECA,2012,31,5,3.6
Argentina,ARG,AME,2012,35,8,2.6
Romania,ROU,WE/EU,2012,44,8,3.7
Hungary,HUN,WE/EU,2012,55,10,3.5
South Africa,ZAF,SSA,2012,43,9,2.5
Suriname,SUR,AME,2012,37,3,3.2
Jamaica,JAM,AME,2012,38,6,2.2
Bulgaria,BGR,WE/EU,2012,41,8,3.8
Tunisia,TUN,MENA,2012,41,7,2.8
Solomon Islands,SLB,AP,2012,,,
Bahrain,BHR,MENA,2012,51,5,4.1
Armenia,ARM,ECA,2012,34,6,2.7
China,CHN,AP,2012,39,9,2.9
Morocco,MAR,MENA,2012,37,8,3.2
Ghana,GHA,SSA,2012,45,9,3.8
India,IND,AP,2012,36,10,2.1
Benin,BEN,SSA,2012,36,6,4.3
Burkina Faso,BFA,SSA,2012,38,7,4.4
Lesotho,LSO,SSA,2012,45,5,4.6
Trinidad and Tobago,TTO,AME,2012,39,4,4.5
Kuwait,KWT,MENA,2012,44,5,3.9
Guyana,GUY,AME,2012,28,4,2.1
Indonesia,IDN,AP,2012,32,9,2.9
Serbia,SRB,ECA,2012,39,7,2.6
Turkey,TUR,ECA,2012,49,9,2.1
Sri Lanka,LKA,AP,2012,40,7,1.3
Timor-Leste,TLS,AP,2012,33,3,5.6
Ecuador,ECU,AME,2012,32,6,2.9
Colombia,COL,AME,2012,36,7,2.6
Tanzania,TZA,SSA,2012,35,8,2.1
Ethiopia,ETH,SSA,2012,33,8,1.6
Vietnam,VNM,AP,2012,31,8,2.5
Gambia,GMB,SSA,2012,34,5,7
Kosovo,KSV,ECA,2012,34,3,1.5
Bosnia and Herzegovina,BIH,ECA,2012,42,7,2.3
Panama,PAN,AME,2012,38,6,3.1
Thailand,THA,AP,2012,37,8,1.6
Peru,PER,AME,2012,38,7,2.1
Albania,ALB,ECA,2012,33,7,2
Brazil,BRA,AME,2012,43,8,3.3
Mongolia,MNG,AP,2012,36,7,2.6
Cote d'Ivoire,CIV,SSA,2012,29,8,2.4
North Macedonia,MKD,ECA,2012,43,6,4.7
Algeria,DZA,MENA,2012,34,6,3.3
Egypt,EGY,MENA,2012,32,7,3.1
Eswatini,SWZ,SSA,2012,37,4,2.1
Zambia,ZMB,SSA,2012,37,8,3.1
Philippines,PHL,AP,2012,34,9,2.2
El Salvador,SLV,AME,2012,38,6,2.8
Kazakhstan,KAZ,ECA,2012,28,8,4.1
Nepal,NPL,AP,2012,27,5,2.4
Sierra Leone,SLE,SSA,2012,31,8,1.9
Niger,NER,SSA,2012,33,5,3.1
Pakistan,PAK,AP,2012,27,8,2.3
Moldova,MDA,ECA,2012,36,8,2.6
Bolivia,BOL,AME,2012,34,7,3.7
Gabon,GAB,SSA,2012,35,5,2.1
Malawi,MWI,SSA,2012,37,8,1.5
Djibouti,DJI,SSA,2012,36,3,8.6
Azerbaijan,AZE,ECA,2012,27,6,2.5
Ukraine,UKR,ECA,2012,26,8,1.8
Kyrgyzstan,KGZ,ECA,2012,24,6,1.8
Maldives,MDV,AP,2012,,,
Togo,TGO,SSA,2012,30,5,3.4
Mali,MLI,SSA,2012,34,6,4
Myanmar,MMR,AP,2012,15,4,3.7
Laos,LAO,AP,2012,21,3,1.3
Mexico,MEX,AME,2012,34,9,1.7
Guinea,GIN,SSA,2012,24,7,2.7
Liberia,LBR,SSA,2012,41,7,3.9
Dominican Republic,DOM,AME,2012,32,6,2.7
Paraguay,PRY,AME,2012,25,5,2.9
Papua New Guinea,PNG,AP,2012,25,5,4.2
Russia,RUS,ECA,2012,28,9,2.2
Lebanon,LBN,MENA,2012,30,6,2.3
Kenya,KEN,SSA,2012,27,8,2.2
Mauritania,MRT,SSA,2012,31,5,3.5
Uganda,UGA,SSA,2012,29,8,2.2
Iran,IRN,MENA,2012,28,6,4.6
Honduras,HND,AME,2012,28,6,2.4
Guatemala,GTM,AME,2012,33,6,2.7
Bangladesh,BGD,AP,2012,26,7,4.1
Nigeria,NGA,SSA,2012,27,9,2.7
Mozambique,MOZ,SSA,2012,31,7,1.6
Angola,AGO,SSA,2012,22,7,1.8
Comoros,COM,SSA,2012,28,3,7.5
Cameroon,CMR,SSA,2012,26,8,3.5
Central African Republic,CAF,SSA,2012,26,4,2.4
Uzbekistan,UZB,ECA,2012,17,6,2
Tajikistan,TJK,ECA,2012,22,5,3.8
Madagascar,MDG,SSA,2012,32,8,3.2
Zimbabwe,ZWE,SSA,2012,20,8,4.3
Eritrea,ERI,SSA,2012,25,4,9.2
Nicaragua,NIC,AME,2012,29,7,2.1
Cambodia,KHM,AP,2012,22,7,3.1
Chad,TCD,SSA,2012,19,5,2.5
Iraq,IRQ,MENA,2012,18,4,2.3
Burundi,BDI,SSA,2012,19,5,2.8
Congo,COG,SSA,2012,26,6,3.3
Turkmenistan,TKM,ECA,2012,17,3,2.9
Haiti,HTI,AME,2012,19,5,2.8
Democratic Republic of the Congo,COD,SSA,2012,21,5,3.3
Libya,LBY,MENA,2012,21,6,4
Guinea Bissau,GNB,SSA,2012,25,4,2.1
"Korea, North",PRK,AP,2012,8,3,3.4
Venezuela,VEN,AME,2012,19,7,2.1
Equatorial Guinea,GNQ,SSA,2012,20,3,1.3
Sudan,SDN,SSA,2012,13,6,2.9
Afghanistan,AFG,AP,2012,8,3,3.3
Yemen,YEM,MENA,2012,23,6,2.2
Syria,SYR,MENA,2012,26,5,2.7
South Sudan,SSD,SSA,2012,,,
Somalia,SOM,SSA,2012,8,4,2.3